ranking,tecnologia,github_score,so_score,reddit_score,trend_score,fuentes
1,Python,100.0,100.0,66.36,91.59,3
2,TypeScript,83.22,15.44,61.03,53.95,3
3,AI/ML,0.0,0.0,100.0,25.0,1
4,JavaScript,24.15,41.56,0.0,24.21,2
5,C++,3.51,42.96,0.0,16.44,2
6,Java,1.59,44.3,0.0,16.14,2
7,C#,1.36,42.8,0.0,15.52,2
8,Performance,0.0,0.0,40.62,10.15,1
9,DevOps,0.0,0.0,40.07,10.02,1
10,Rust,23.47,0.0,0.0,9.39,1
11,Cloud,0.0,0.0,35.66,8.91,1
12,Go,16.1,3.2,0.0,7.56,2
13,Security,0.0,0.0,22.98,5.75,1
14,Kotlin,3.06,10.34,0.0,4.84,2
15,PHP,0.0,13.47,0.0,4.71,1
16,Testing,0.0,0.0,15.81,3.95,1
17,Swift,9.86,0.0,0.0,3.94,1
18,Shell,8.16,0.0,0.0,3.26,1
19,Html,7.94,0.0,0.0,3.18,1
20,Microservices,0.0,0.0,6.8,1.7,1
21,C,4.2,0.0,0.0,1.68,1
22,Jupyter Notebook,1.13,0.0,0.0,0.45,1
